,a,b,c,"sum_of_a,b,c","avg_of_a,b,c"
0,1,4,8,13,4.333333333333333
1,2,5,9,16,5.333333333333333
2,3,6,6,15,5.0
3,4,7,7,18,6.0
